,XAUUSD,EURUSD,NAS100
XAUUSD,1.0,0.1660831570211954,0.09070329380819817
EURUSD,0.1660831570211954,1.0,0.13706963953758255
NAS100,0.09070329380819817,0.13706963953758255,1.0
