,EURUSD,XAUUSD,NAS100
EURUSD,1.0,0.3466689027326547,0.2723229410552923
XAUUSD,0.3466689027326547,1.0,0.17213600682126928
NAS100,0.2723229410552923,0.17213600682126928,1.0
