,EURUSD,XAUUSD,NAS100
EURUSD,1.0,0.26685633910692386,0.1079649618745113
XAUUSD,0.26685633910692386,1.0,0.13839943722704726
NAS100,0.1079649618745113,0.13839943722704726,1.0
