,EURUSD,XAUUSD,NAS100
EURUSD,1.0,0.35736691256632863,0.2703690118215862
XAUUSD,0.35736691256632863,1.0,0.18412291850515583
NAS100,0.2703690118215862,0.18412291850515583,1.0
