,EURUSD,XAUUSD,NAS100
EURUSD,1.0,0.3529325240752431,0.37317001433594
XAUUSD,0.3529325240752431,1.0,0.30372088748075404
NAS100,0.37317001433594,0.30372088748075404,1.0
