,EURUSD,XAUUSD,NAS100
EURUSD,1.0,0.35102176176073785,0.2672372614079263
XAUUSD,0.35102176176073785,1.0,0.1506891923771772
NAS100,0.2672372614079263,0.1506891923771772,1.0
