,EURUSD,XAUUSD,NAS100
EURUSD,1.0,0.3755390065886118,0.24330689060368485
XAUUSD,0.3755390065886118,1.0,0.11183836446386906
NAS100,0.24330689060368485,0.11183836446386906,1.0
